REEF1,2
REEF2,2
REEF3,2
REEF4,2
REEF5,2
REEF6,2
REEF7,2
REEF8,2
REEF9,2
REEF10,2
REEF11,2
REEF12,2
REEF13,2
REEF14,2
REEF15,2
REEF16,2
REEF17,2
REEF18,2
REEF19,2
REEF20,2
REEF21,2
REEF22,2
REEF23,2
REEF24,2
REEF25,2
REEF26,2
REEF27,2
REEF28,2
REEF29,2
REEF30,2
REEF31,2
REEF32,2
REEF33,2
REEF34,2
REEF35,2
REEF36,2
REEF37,2
REEF38,2
REEF39,2
REEF40,2
REEF41,2
REEF42,2
REEF43,2
REEF44,2
REEF45,2
REEF46,2
REEF47,2
REEF48,2
REEF49,2
REEF50,2
REEF51,2
REEF52,2
REEF53,2
REEF54,2
REEF55,2
REEF56,2
REEF57,2
REEF58,2
REEF59,2
REEF60,2
REEF61,2
REEF62,2
REEF63,2
REEF64,2
REEF65,2
REEF66,2
REEF67,2
REEF68,2
REEF69,2
REEF70,2
REEF71,2
REEF72,2
REEF73,2
REEF74,2
REEF75,2
REEF76,2
REEF77,2
REEF78,2
REEF79,2
REEF80,2
REEF81,2
REEF82,2
REEF83,2
REEF84,2
REEF85,2
REEF86,2
REEF87,2
REEF88,2
REEF89,2
REEF90,2
REEF91,2
REEF92,2
REEF93,2
REEF94,2
REEF95,2
REEF96,2
REEF97,2
REEF98,2
REEF99,2
REEF100,2
REEF101,2
REEF102,2
REEF103,2
REEF104,2
REEF105,2
REEF106,2
REEF107,2
REEF108,2
REEF109,2
REEF110,2
REEF111,2
REEF112,2
REEF113,2
REEF114,2
REEF115,2
REEF116,2
REEF117,2
REEF118,2
REEF119,2
REEF120,2
REEF121,2
REEF122,2
REEF123,2
REEF124,2
REEF125,2
REEF126,2
REEF127,2
REEF128,2
REEF129,2
REEF130,2
REEF131,2
REEF132,2
REEF133,2
REEF134,2
REEF135,2
REEF136,2
REEF137,2
REEF138,2
REEF139,2
REEF140,2
REEF141,2
REEF142,2
REEF143,2
REEF144,2
REEF145,2
REEF146,2
REEF147,2
REEF148,2
REEF149,2
REEF150,2
REEF151,2
REEF152,2
REEF153,2
REEF154,2
REEF155,2
REEF156,2
REEF157,2
REEF158,2
REEF159,2
REEF160,2
REEF161,2
REEF162,2
REEF163,2
REEF164,2
REEF165,2
REEF166,2
REEF167,2
REEF168,2
REEF169,2
REEF170,2
REEF171,2
REEF172,2
REEF173,2
REEF174,2
REEF175,2
REEF176,2
REEF177,2
REEF178,2
REEF179,2
REEF180,2
REEF181,2
REEF182,2
REEF183,2
REEF184,2
REEF185,2
REEF186,2
REEF187,2
REEF188,2
REEF189,2
REEF190,2
REEF191,2
REEF192,2
REEF193,2
REEF194,2
REEF195,2
REEF196,2
REEF197,2
REEF198,2
REEF199,2
REEF200,2
REEF201,2
REEF202,2
REEF203,2
REEF204,2
REEF205,2
REEF206,2
REEF207,2
REEF208,2
REEF209,2
REEF210,2
REEF211,2
REEF212,2
REEF213,2
REEF214,2
REEF215,2
REEF216,2
REEF217,2
REEF218,2
REEF219,2
REEF220,2
REEF221,2
REEF222,2
REEF223,2
REEF224,2
REEF225,2
REEF226,2
REEF227,2
REEF228,2
REEF229,2
REEF230,2
REEF231,2
REEF232,2
REEF233,2
REEF234,2
REEF235,2
REEF236,2
REEF237,2
REEF238,2
REEF239,2
REEF240,2
REEF241,2
REEF242,2
REEF243,2
REEF244,2
REEF245,2
REEF246,2
REEF247,2
REEF248,2
REEF249,2
REEF250,2
REEF251,2
REEF252,2
REEF253,2
REEF254,2
REEF255,2
REEF256,2
REEF257,2
REEF258,2
REEF259,2
REEF260,2
REEF261,2
REEF262,2
REEF263,2
REEF264,2
REEF265,2
REEF266,2
REEF267,2
REEF268,2
REEF269,2
REEF270,2
REEF271,2
REEF272,2
REEF273,2
REEF274,2
REEF275,2
REEF276,2
REEF277,2
REEF278,2
REEF279,2
REEF280,2
REEF281,2
REEF282,2
REEF283,2
REEF284,2
REEF285,2
REEF286,2
REEF287,2
REEF288,2
REEF289,2
REEF290,2
REEF291,2
REEF292,2
REEF293,2
REEF294,2
REEF295,2
REEF296,2
REEF297,2
REEF298,2
REEF299,2
REEF300,2
REEF301,2
REEF302,2
REEF303,2
REEF304,2
REEF305,2
REEF306,2
REEF307,2
REEF308,2
REEF309,2
REEF310,2
REEF311,2
REEF312,2
REEF313,2
REEF314,2
REEF315,2
REEF316,2
REEF317,2
REEF318,2
REEF319,2
REEF320,2
REEF321,2
REEF322,2
REEF323,2
REEF324,2
REEF325,2
REEF326,2
REEF327,2
REEF328,2
REEF329,2
REEF330,2
REEF331,2
REEF332,2
REEF333,2
REEF334,2
REEF335,2
REEF336,2
REEF337,2
REEF338,2
REEF339,2
REEF340,2
REEF341,2
REEF342,2
REEF343,2
REEF344,2
REEF345,2
REEF346,2
REEF347,2
REEF348,2
REEF349,2
REEF350,2
REEF351,2
REEF352,2
REEF353,2
REEF354,2
REEF355,2
REEF356,2
REEF357,2
REEF358,2
REEF359,2
REEF360,2
REEF361,2
REEF362,2
REEF363,2
REEF364,2
REEF365,2
REEF366,2
REEF367,2
REEF368,2
REEF369,2
REEF370,2
REEF371,2
REEF372,2
REEF373,2
REEF374,2
REEF375,2
REEF376,2
REEF377,2
REEF378,2
REEF379,2
REEF380,2
REEF381,2
REEF382,2
REEF383,2
REEF384,2
REEF385,2
REEF386,2
REEF387,2
REEF388,2
REEF389,2
REEF390,2
REEF391,2
REEF392,2
REEF393,2
REEF394,2
REEF395,2
REEF396,2
REEF397,2
REEF398,2
REEF399,2
REEF400,2
REEF401,2
REEF402,2
REEF403,2
REEF404,2
REEF405,2
REEF406,2
REEF407,2
REEF408,2
REEF409,2
REEF410,2
REEF411,2
REEF412,2
REEF413,2
REEF414,2
REEF415,2
REEF416,2
REEF417,2
REEF418,2
REEF419,2
REEF420,2
REEF421,2
REEF422,2
REEF423,2
REEF424,2
REEF425,2
REEF426,2
REEF427,2
REEF428,2
REEF429,2
REEF430,2
REEF431,2
REEF432,2
REEF433,2
REEF434,2
REEF435,2
REEF436,2
REEF437,2
REEF438,2
REEF439,2
REEF440,2
REEF441,2
REEF442,2
REEF443,2
REEF444,2
REEF445,2
REEF446,2
REEF447,2
REEF448,2
REEF449,2
REEF450,2
REEF451,2
REEF452,2
REEF453,2
REEF454,2
REEF455,2
REEF456,2
REEF457,2
REEF458,2
REEF459,2
REEF460,2
REEF461,2
REEF462,2
REEF463,2
REEF464,2
REEF465,2
REEF466,2
REEF467,2
REEF468,2
REEF469,2
REEF470,2
REEF471,2
REEF472,2
REEF473,2
REEF474,2
REEF475,2
REEF476,2
REEF477,2
REEF478,2
REEF479,2
REEF480,2
REEF481,2
REEF482,2
REEF483,2
REEF484,2
REEF485,2
REEF486,2
REEF487,2
REEF488,2
REEF489,2
REEF490,2
REEF491,2
REEF492,2
REEF493,2
REEF494,2
REEF495,2
REEF496,2
REEF497,2
REEF498,2
REEF499,2
REEF500,2
REEF501,2
REEF502,2
REEF503,2
REEF504,2
REEF505,2
REEF506,2
REEF507,2
REEF508,2
REEF509,2
REEF510,2
REEF511,2
REEF512,2
REEF513,2
REEF514,2
REEF515,2
REEF516,2
REEF517,2
REEF518,2
REEF519,2
REEF520,2
REEF521,2
REEF522,2
REEF523,2
REEF524,2
REEF525,2
REEF526,2
REEF527,2
REEF528,2
REEF529,2
REEF530,2
REEF531,2
REEF532,2
REEF533,2
REEF534,2
REEF535,2
REEF536,2
REEF537,2
REEF538,2
REEF539,2
REEF540,2
REEF541,2
REEF542,2
REEF543,2
REEF544,2
REEF545,2
REEF546,2
REEF547,2
REEF548,2
REEF549,2
REEF550,2
REEF551,2
REEF552,2
REEF553,2
REEF554,2
REEF555,2
REEF556,2
REEF557,2
REEF558,2
REEF559,2
REEF560,2
REEF561,2
REEF562,2
REEF563,2
REEF564,2
REEF565,2
REEF566,2
REEF567,2
REEF568,2
REEF569,2
REEF570,2
REEF571,2
REEF572,2
REEF573,2
REEF574,2
REEF575,2
REEF576,2
REEF577,2
REEF578,2
REEF579,2
REEF580,2
REEF581,2
REEF582,2
REEF583,2
REEF584,2
REEF585,2
REEF586,2
REEF587,2
REEF588,2
REEF589,2
REEF590,2
REEF591,2
REEF592,2
REEF593,2
REEF594,2
REEF595,2
REEF596,2
REEF597,2
REEF598,2
REEF599,2
REEF600,2
REEF601,2
REEF602,2
REEF603,2
REEF604,2
REEF605,2
REEF606,2
REEF607,2
REEF608,2
REEF609,2
REEF610,2
REEF611,2
REEF612,2
REEF613,2
REEF614,2
REEF615,2
REEF616,2
REEF617,2
REEF618,2
REEF619,2
REEF620,2
REEF621,2
REEF622,2
REEF623,2
REEF624,2
REEF625,2
REEF626,2
REEF627,2
REEF628,2
REEF629,2
REEF630,2
REEF631,2
REEF632,2
REEF633,2
REEF634,2
REEF635,2
REEF636,2
REEF637,2
REEF638,2
REEF639,2
REEF640,2
REEF641,2
REEF642,2
REEF643,2
REEF644,2
REEF645,2
REEF646,2
REEF647,2
REEF648,2
REEF649,2
REEF650,2
REEF651,2
REEF652,2
REEF653,2
REEF654,2
REEF655,2
REEF656,2
REEF657,2
REEF658,2
REEF659,2
REEF660,2
REEF661,2
REEF662,2
REEF663,2
REEF664,2
REEF665,2
REEF666,2
REEF667,2
REEF668,2
REEF669,2
REEF670,2
REEF671,2
REEF672,2
REEF673,2
REEF674,2
REEF675,2
REEF676,2
REEF677,2
REEF678,2
REEF679,2
REEF680,2
REEF681,2
REEF682,2
REEF683,2
REEF684,2
REEF685,2
REEF686,2
REEF687,2
REEF688,2
REEF689,2
REEF690,2
REEF691,2
REEF692,2
REEF693,2
REEF694,2
REEF695,2
REEF696,2
REEF697,2
REEF698,2
REEF699,2
REEF700,2
REEF701,2
REEF702,2
REEF703,2
REEF704,2
REEF705,2
REEF706,2
REEF707,2
REEF708,2
REEF709,2
REEF710,2
REEF711,2
REEF712,2
REEF713,2
REEF714,2
REEF715,2
REEF716,2
REEF717,2
REEF718,2
REEF719,2
REEF720,2
REEF721,2
REEF722,2
REEF723,2
REEF724,2
REEF725,2
REEF726,2
REEF727,2
REEF728,2
REEF729,2
REEF730,2
REEF731,2
REEF732,2
REEF733,2
REEF734,2
REEF735,2
REEF736,2
REEF737,2
REEF738,2
REEF739,2
REEF740,2
REEF741,2
REEF742,2
REEF743,2
REEF744,2
REEF745,2
REEF746,2
REEF747,2
REEF748,2
REEF749,2
REEF750,2
REEF751,2
REEF752,2
REEF753,2
REEF754,2
REEF755,2
REEF756,2
REEF757,2
REEF758,2
REEF759,2
REEF760,2
REEF761,2
REEF762,2
REEF763,2
REEF764,2
REEF765,2
REEF766,2
REEF767,2
REEF768,2
REEF769,2
REEF770,2
REEF771,2
REEF772,2
REEF773,2
REEF774,2
REEF775,2
REEF776,2
REEF777,2
REEF778,2
REEF779,2
REEF780,2
REEF781,2
REEF782,2
REEF783,2
REEF784,2
REEF785,2
REEF786,2
REEF787,2
REEF788,2
REEF789,2
REEF790,2
REEF791,2
REEF792,2
REEF793,2
REEF794,2
REEF795,2
REEF796,2
REEF797,2
REEF798,2
REEF799,2
REEF800,2
REEF801,2
REEF802,2
REEF803,2
REEF804,2
REEF805,2
REEF806,2
REEF807,2
REEF808,2
REEF809,2
REEF810,2
REEF811,2
REEF812,2
REEF813,2
REEF814,2
REEF815,2
REEF816,2
REEF817,2
REEF818,2
REEF819,2
REEF820,2
REEF821,2
REEF822,2
REEF823,2
REEF824,2
REEF825,2
REEF826,2
REEF827,2
REEF828,2
REEF829,2
REEF830,2
REEF831,2
REEF832,2
REEF833,2
REEF834,2
REEF835,2
REEF836,2
REEF837,2
REEF838,2
REEF839,2
REEF840,2
REEF841,2
REEF842,2
REEF843,2
REEF844,2
REEF845,2
REEF846,2
REEF847,2
REEF848,2
REEF849,2
REEF850,2
REEF851,2
REEF852,2
REEF853,2
REEF854,2
REEF855,2
REEF856,2
REEF857,2
REEF858,2
REEF859,2
REEF860,2
REEF861,2
REEF862,2
REEF863,2
REEF864,2
REEF865,2
REEF866,2
REEF867,2
REEF868,2
REEF869,2
REEF870,2
REEF871,2
REEF872,2
REEF873,2
REEF874,2
REEF875,2
REEF876,2
REEF877,2
REEF878,2
REEF879,2
REEF880,2
REEF881,2
REEF882,2
REEF883,2
REEF884,2
REEF885,2
REEF886,2
REEF887,2
REEF888,2
REEF889,2
REEF890,2
REEF891,2
REEF892,2
REEF893,2
REEF894,2
REEF895,2
REEF896,2
REEF897,2
REEF898,2
REEF899,2
REEF900,2
REEF901,2
REEF902,2
REEF903,2
REEF904,2
REEF905,2
REEF906,2
REEF907,2
REEF908,2
REEF909,2
REEF910,2
REEF911,2
REEF912,2
REEF913,2
REEF914,2
REEF915,2
REEF916,2
REEF917,2
REEF918,2
REEF919,2
REEF920,2
REEF921,2
REEF922,2
REEF923,2
REEF924,2
REEF925,2
REEF926,2
REEF927,2
REEF928,2
REEF929,2
REEF930,2
REEF931,2
REEF932,2
REEF933,2
REEF934,2
REEF935,2
REEF936,2
REEF937,2
REEF938,2
REEF939,2
REEF940,2
REEF941,2
REEF942,2
REEF943,2
REEF944,2
REEF945,2
REEF946,2
REEF947,2
REEF948,2
REEF949,2
REEF950,2
REEF951,2
REEF952,2
REEF953,2
REEF954,2
REEF955,2
REEF956,2
REEF957,2
REEF958,2
REEF959,2
REEF960,2
REEF961,2
REEF962,2
REEF963,2
REEF964,2
REEF965,2
REEF966,2
REEF967,2
REEF968,2
REEF969,2
REEF970,2
REEF971,2
REEF972,2
REEF973,2
REEF974,2
REEF975,2
REEF976,2
REEF977,2
REEF978,2
REEF979,2
REEF980,2
REEF981,2
REEF982,2
REEF983,2
REEF984,2
REEF985,2
REEF986,2
REEF987,2
REEF988,2
REEF989,2
REEF990,2
REEF991,2
REEF992,2
REEF993,2
REEF994,2
REEF995,2
REEF996,2
REEF997,2
REEF998,2
REEF999,2
REEF1000,2
REEF1001,2
REEF1002,2
REEF1003,2
REEF1004,2
REEF1005,2
REEF1006,2
REEF1007,2
REEF1008,2
REEF1009,2
REEF1010,2
REEF1011,2
REEF1012,2
REEF1013,2
REEF1014,2
REEF1015,2
REEF1016,2
REEF1017,2
REEF1018,2
REEF1019,2
REEF1020,2
REEF1021,2
REEF1022,2
REEF1023,2
REEF1024,2
REEF1025,2
REEF1026,2
REEF1027,2
REEF1028,2
REEF1029,2
REEF1030,2
REEF1031,2
REEF1032,2
REEF1033,2
REEF1034,2
REEF1035,2
REEF1036,2
REEF1037,2
REEF1038,2
REEF1039,2
REEF1040,2
REEF1041,2
REEF1042,2
REEF1043,2
REEF1044,2
REEF1045,2
REEF1046,2
REEF1047,2
REEF1048,2
REEF1049,2
REEF1050,2
REEF1051,2
REEF1052,2
REEF1053,2
REEF1054,2
REEF1055,2
REEF1056,2
REEF1057,2
REEF1058,2
REEF1059,2
REEF1060,2
REEF1061,2
REEF1062,2
REEF1063,2
REEF1064,2
REEF1065,2
REEF1066,2
REEF1067,2
REEF1068,2
REEF1069,2
REEF1070,2
REEF1071,2
REEF1072,2
REEF1073,2
REEF1074,2
REEF1075,2
REEF1076,2
REEF1077,2
REEF1078,2
REEF1079,2
REEF1080,2
REEF1081,2
REEF1082,2
REEF1083,2
REEF1084,2
REEF1085,2
REEF1086,2
REEF1087,2
REEF1088,2
REEF1089,2
REEF1090,2
REEF1091,2
REEF1092,2
REEF1093,2
REEF1094,2
REEF1095,2
REEF1096,2
REEF1097,2
REEF1098,2
REEF1099,2
REEF1100,2
REEF1101,2
REEF1102,2
REEF1103,2
REEF1104,2
REEF1105,2
REEF1106,2
REEF1107,2
REEF1108,2
REEF1109,2
REEF1110,2
REEF1111,2
REEF1112,2
REEF1113,2
REEF1114,2
REEF1115,2
REEF1116,2
REEF1117,2
REEF1118,2
REEF1119,2
REEF1120,2
REEF1121,2
REEF1122,2
REEF1123,2
REEF1124,2
REEF1125,2
REEF1126,2
REEF1127,2
REEF1128,2
REEF1129,2
REEF1130,2
REEF1131,2
REEF1132,2
REEF1133,2
REEF1134,2
REEF1135,2
REEF1136,2
REEF1137,2
REEF1138,2
REEF1139,2
REEF1140,2
REEF1141,2
REEF1142,2
REEF1143,2
REEF1144,2
REEF1145,2
REEF1146,2
REEF1147,2
REEF1148,2
REEF1149,2
REEF1150,2
REEF1151,2
REEF1152,2
REEF1153,2
REEF1154,2
REEF1155,2
REEF1156,2
REEF1157,2
REEF1158,2
REEF1159,2
REEF1160,2
REEF1161,2
REEF1162,2
REEF1163,2
REEF1164,2
REEF1165,2
REEF1166,2
REEF1167,2
REEF1168,2
REEF1169,2
REEF1170,2
REEF1171,2
REEF1172,2
REEF1173,2
REEF1174,2
REEF1175,2
REEF1176,2
REEF1177,2
REEF1178,2
REEF1179,2
REEF1180,2
REEF1181,2
REEF1182,2
REEF1183,2
REEF1184,2
REEF1185,2
REEF1186,2
REEF1187,2
REEF1188,2
REEF1189,2
REEF1190,2
REEF1191,2
REEF1192,2
REEF1193,2
REEF1194,2
REEF1195,2
REEF1196,2
REEF1197,2
REEF1198,2
REEF1199,2
REEF1200,2
REEF1201,2
REEF1202,2
REEF1203,2
REEF1204,2
REEF1205,2
REEF1206,2
REEF1207,2
REEF1208,2
REEF1209,2
REEF1210,2
REEF1211,2
REEF1212,2
REEF1213,2
REEF1214,2
REEF1215,2
REEF1216,2
REEF1217,2
REEF1218,2
REEF1219,2
REEF1220,2
REEF1221,2
REEF1222,2
REEF1223,2
REEF1224,2
REEF1225,2
REEF1226,2
REEF1227,2
REEF1228,2
REEF1229,2
REEF1230,2
REEF1231,2
REEF1232,2
REEF1233,2
REEF1234,2
REEF1235,2
REEF1236,2
REEF1237,2
REEF1238,2
REEF1239,2
REEF1240,2
REEF1241,2
REEF1242,2
REEF1243,2
REEF1244,2
REEF1245,2
REEF1246,2
REEF1247,2
REEF1248,2
REEF1249,2
REEF1250,2
REEF1251,2
REEF1252,2
REEF1253,2
REEF1254,2
REEF1255,2
REEF1256,2
REEF1257,2
REEF1258,2
REEF1259,2
REEF1260,2
REEF1261,2
REEF1262,2
REEF1263,2
REEF1264,2
REEF1265,2
REEF1266,2
REEF1267,2
REEF1268,2
REEF1269,2
REEF1270,2
REEF1271,2
REEF1272,2
REEF1273,2
REEF1274,2
REEF1275,2
REEF1276,2
REEF1277,2
REEF1278,2
REEF1279,2
REEF1280,2
REEF1281,2
REEF1282,2
REEF1283,2
REEF1284,2
REEF1285,2
REEF1286,2
REEF1287,2
REEF1288,2
REEF1289,2
REEF1290,2
REEF1291,2
REEF1292,2
REEF1293,2
REEF1294,2
REEF1295,2
REEF1296,2
REEF1297,2
REEF1298,2
REEF1299,2
REEF1300,2
REEF1301,2
REEF1302,2
REEF1303,2
REEF1304,2
REEF1305,2
REEF1306,2
REEF1307,2
REEF1308,2
REEF1309,2
REEF1310,2
REEF1311,2
REEF1312,2
REEF1313,2
REEF1314,2
REEF1315,2
REEF1316,2
REEF1317,2
REEF1318,2
REEF1319,2
REEF1320,2
REEF1321,2
REEF1322,2
REEF1323,2
REEF1324,2
REEF1325,2
REEF1326,2
REEF1327,2
REEF1328,2
REEF1329,2
REEF1330,2
REEF1331,2
REEF1332,2
REEF1333,2
REEF1334,2
REEF1335,2
REEF1336,2
REEF1337,2
REEF1338,2
REEF1339,2
REEF1340,2
REEF1341,2
REEF1342,2
REEF1343,2
REEF1344,2
REEF1345,2
REEF1346,2
REEF1347,2
REEF1348,2
REEF1349,2
REEF1350,2
REEF1351,2
REEF1352,2
REEF1353,2
REEF1354,2
REEF1355,2
REEF1356,2
REEF1357,2
REEF1358,2
REEF1359,2
REEF1360,2
REEF1361,2
REEF1362,2
REEF1363,2
REEF1364,2
REEF1365,2
REEF1366,2
REEF1367,2
REEF1368,2
REEF1369,2
REEF1370,2
REEF1371,2
REEF1372,2
REEF1373,2
REEF1374,2
REEF1375,2
REEF1376,2
REEF1377,2
REEF1378,2
REEF1379,2
REEF1380,2
REEF1381,2
REEF1382,2
REEF1383,2
REEF1384,2
REEF1385,2
REEF1386,2
REEF1387,2
REEF1388,2
REEF1389,2
REEF1390,2
REEF1391,2
REEF1392,2
REEF1393,2
REEF1394,2
REEF1395,2
REEF1396,2
REEF1397,2
REEF1398,2
REEF1399,2
REEF1400,2
REEF1401,2
REEF1402,2
REEF1403,2
REEF1404,2
REEF1405,2
REEF1406,2
REEF1407,2
REEF1408,2
REEF1409,2
REEF1410,2
REEF1411,2
REEF1412,2
REEF1413,2
REEF1414,2
REEF1415,2
REEF1416,2
REEF1417,2
REEF1418,2
REEF1419,2
REEF1420,2
REEF1421,2
REEF1422,2
REEF1423,2
REEF1424,2
REEF1425,2
REEF1426,2
REEF1427,2
REEF1428,2
REEF1429,2
REEF1430,2
REEF1431,2
REEF1432,2
REEF1433,2
REEF1434,2
REEF1435,2
REEF1436,2
REEF1437,2
REEF1438,2
REEF1439,2
REEF1440,2
REEF1441,2
REEF1442,2
REEF1443,2
REEF1444,2
REEF1445,2
REEF1446,2
REEF1447,2
REEF1448,2
REEF1449,2
REEF1450,2
REEF1451,2
REEF1452,2
REEF1453,2
REEF1454,2
REEF1455,2
REEF1456,2
REEF1457,2
REEF1458,2
REEF1459,2
REEF1460,2
REEF1461,2
REEF1462,2
REEF1463,2
REEF1464,2
REEF1465,2
REEF1466,2
REEF1467,2
REEF1468,2
REEF1469,2
REEF1470,2
REEF1471,2
REEF1472,2
REEF1473,2
REEF1474,2
REEF1475,2
REEF1476,2
REEF1477,2
REEF1478,2
REEF1479,2
REEF1480,2
REEF1481,2
REEF1482,2
REEF1483,2
REEF1484,2
REEF1485,2
REEF1486,2
REEF1487,2
REEF1488,2
REEF1489,2
REEF1490,2
REEF1491,2
REEF1492,2
REEF1493,2
REEF1494,2
REEF1495,2
REEF1496,2
REEF1497,2
REEF1498,2
REEF1499,2
REEF1500,2
REEF1501,2
REEF1502,2
REEF1503,2
REEF1504,2
REEF1505,2
REEF1506,2
REEF1507,2
REEF1508,2
REEF1509,2
REEF1510,2
REEF1511,2
REEF1512,2
REEF1513,2
REEF1514,2
REEF1515,2
REEF1516,2
REEF1517,2
REEF1518,2
REEF1519,2
REEF1520,2
REEF1521,2
REEF1522,2
REEF1523,2
REEF1524,2
REEF1525,2
REEF1526,2
REEF1527,2
REEF1528,2
REEF1529,2
REEF1530,2
REEF1531,2
REEF1532,2
REEF1533,2
REEF1534,2
REEF1535,2
REEF1536,2
REEF1537,2
REEF1538,2
REEF1539,2
REEF1540,2
REEF1541,2
REEF1542,2
REEF1543,2
REEF1544,2
REEF1545,2
REEF1546,2
REEF1547,2
REEF1548,2
REEF1549,2
REEF1550,2
REEF1551,2
REEF1552,2
REEF1553,2
REEF1554,2
REEF1555,2
REEF1556,2
REEF1557,2
REEF1558,2
REEF1559,2
REEF1560,2
REEF1561,2
REEF1562,2
REEF1563,2
REEF1564,2
REEF1565,2
REEF1566,2
REEF1567,2
REEF1568,2
REEF1569,2
REEF1570,2
REEF1571,2
REEF1572,2
REEF1573,2
REEF1574,2
REEF1575,2
REEF1576,2
REEF1577,2
REEF1578,2
REEF1579,2
REEF1580,2
REEF1581,2
REEF1582,2
REEF1583,2
REEF1584,2
REEF1585,2
REEF1586,2
REEF1587,2
REEF1588,2
REEF1589,2
REEF1590,2
REEF1591,2
REEF1592,2
REEF1593,2
REEF1594,2
REEF1595,2
REEF1596,2
REEF1597,2
REEF1598,2
REEF1599,2
REEF1600,2
REEF1601,2
REEF1602,2
REEF1603,2
REEF1604,2
REEF1605,2
REEF1606,2
REEF1607,2
REEF1608,2
REEF1609,2
REEF1610,2
REEF1611,2
REEF1612,2
REEF1613,2
REEF1614,2
REEF1615,2
REEF1616,2
REEF1617,2
REEF1618,2
REEF1619,2
REEF1620,2
REEF1621,2
REEF1622,2
REEF1623,2
REEF1624,2
REEF1625,2
REEF1626,2
REEF1627,2
REEF1628,2
REEF1629,2
REEF1630,2
REEF1631,2
REEF1632,2
REEF1633,2
REEF1634,2
REEF1635,2
REEF1636,2
REEF1637,2
REEF1638,2
REEF1639,2
REEF1640,2
REEF1641,2
REEF1642,2
REEF1643,2
REEF1644,2
REEF1645,2
REEF1646,2
REEF1647,2
REEF1648,2
REEF1649,2
REEF1650,2
REEF1651,2
REEF1652,2
REEF1653,2
REEF1654,2
REEF1655,2
REEF1656,2
REEF1657,2
REEF1658,2
REEF1659,2
REEF1660,2
REEF1661,2
REEF1662,2
REEF1663,2
REEF1664,2
REEF1665,2
REEF1666,2
REEF1667,2
REEF1668,2
REEF1669,2
REEF1670,2
REEF1671,2
REEF1672,2
REEF1673,2
REEF1674,2
REEF1675,2
REEF1676,2
REEF1677,2
REEF1678,2
REEF1679,2
REEF1680,2
REEF1681,2
REEF1682,2
REEF1683,2
REEF1684,2
REEF1685,2
REEF1686,2
REEF1687,2
REEF1688,2
REEF1689,2
REEF1690,2
REEF1691,2
REEF1692,2
REEF1693,2
REEF1694,2
REEF1695,2
REEF1696,2
REEF1697,2
REEF1698,2
REEF1699,2
REEF1700,2
REEF1701,2
REEF1702,2
REEF1703,2
REEF1704,2
REEF1705,2
REEF1706,2
REEF1707,2
REEF1708,2
REEF1709,2
REEF1710,2
REEF1711,2
REEF1712,2
REEF1713,2
REEF1714,2
REEF1715,2
REEF1716,2
REEF1717,2
REEF1718,2
REEF1719,2
REEF1720,2
REEF1721,2
REEF1722,2
REEF1723,2
REEF1724,2
REEF1725,2
REEF1726,2
REEF1727,2
REEF1728,2
REEF1729,2
REEF1730,2
REEF1731,2
REEF1732,2
REEF1733,2
REEF1734,2
REEF1735,2
REEF1736,2
REEF1737,2
REEF1738,2
REEF1739,2
REEF1740,2
REEF1741,2
REEF1742,2
REEF1743,2
REEF1744,2
REEF1745,2
REEF1746,2
REEF1747,2
REEF1748,2
REEF1749,2
REEF1750,2
REEF1751,2
REEF1752,2
REEF1753,2
REEF1754,2
REEF1755,2
REEF1756,2
REEF1757,2
REEF1758,2
REEF1759,2
REEF1760,2
REEF1761,2
REEF1762,2
REEF1763,2
REEF1764,2
REEF1765,2
REEF1766,2
REEF1767,2
REEF1768,2
REEF1769,2
REEF1770,2
REEF1771,2
REEF1772,2
REEF1773,2
REEF1774,2
REEF1775,2
REEF1776,2
REEF1777,2
REEF1778,2
REEF1779,2
REEF1780,2
REEF1781,2
REEF1782,2
REEF1783,2
REEF1784,2
REEF1785,2
REEF1786,2
REEF1787,2
REEF1788,2
REEF1789,2
REEF1790,2
REEF1791,2
REEF1792,2
REEF1793,2
REEF1794,2
REEF1795,2
REEF1796,2
REEF1797,2
REEF1798,2
REEF1799,2
REEF1800,2
REEF1801,2
REEF1802,2
REEF1803,2
REEF1804,2
REEF1805,2
REEF1806,2
REEF1807,2
REEF1808,2
REEF1809,2
REEF1810,2
REEF1811,2
REEF1812,2
REEF1813,2
REEF1814,2
REEF1815,2
REEF1816,2
REEF1817,2
REEF1818,2
REEF1819,2
REEF1820,2
REEF1821,2
REEF1822,2
REEF1823,2
REEF1824,2
REEF1825,2
REEF1826,2
REEF1827,2
REEF1828,2
REEF1829,2
REEF1830,2
REEF1831,2
REEF1832,2
REEF1833,2
REEF1834,2
REEF1835,2
REEF1836,2
REEF1837,2
REEF1838,2
REEF1839,2
REEF1840,2
REEF1841,2
REEF1842,2
REEF1843,2
REEF1844,2
REEF1845,2
REEF1846,2
REEF1847,2
REEF1848,2
REEF1849,2
REEF1850,2
REEF1851,2
REEF1852,2
REEF1853,2
REEF1854,2
REEF1855,2
REEF1856,2
REEF1857,2
REEF1858,2
REEF1859,2
REEF1860,2
REEF1861,2
REEF1862,2
REEF1863,2
REEF1864,2
REEF1865,2
REEF1866,2
REEF1867,2
REEF1868,2
REEF1869,2
REEF1870,2
REEF1871,2
REEF1872,2
REEF1873,2
REEF1874,2
REEF1875,2
REEF1876,2
REEF1877,2
REEF1878,2
REEF1879,2
REEF1880,2
REEF1881,2
REEF1882,2
REEF1883,2
REEF1884,2
REEF1885,2
REEF1886,2
REEF1887,2
REEF1888,2
REEF1889,2
REEF1890,2
REEF1891,2
REEF1892,2
REEF1893,2
REEF1894,2
REEF1895,2
REEF1896,2
REEF1897,2
REEF1898,2
REEF1899,2
REEF1900,2
REEF1901,2
REEF1902,2
REEF1903,2
REEF1904,2
REEF1905,2
REEF1906,2
REEF1907,2
REEF1908,2
REEF1909,2
REEF1910,2
REEF1911,2
REEF1912,2
REEF1913,2
REEF1914,2
REEF1915,2
REEF1916,2
REEF1917,2
REEF1918,2
REEF1919,2
REEF1920,2
REEF1921,2
REEF1922,2
REEF1923,2
REEF1924,2
REEF1925,2
REEF1926,2
REEF1927,2
REEF1928,2
REEF1929,2
REEF1930,2
REEF1931,2
REEF1932,2
REEF1933,2
REEF1934,2
REEF1935,2
REEF1936,2
REEF1937,2
REEF1938,2
REEF1939,2
REEF1940,2
REEF1941,2
REEF1942,2
REEF1943,2
REEF1944,2
REEF1945,2
REEF1946,2
REEF1947,2
REEF1948,2
REEF1949,2
REEF1950,2
REEF1951,2
REEF1952,2
REEF1953,2
REEF1954,2
REEF1955,2
REEF1956,2
REEF1957,2
REEF1958,2
REEF1959,2
REEF1960,2
REEF1961,2
REEF1962,2
REEF1963,2
REEF1964,2
REEF1965,2
REEF1966,2
REEF1967,2
REEF1968,2
REEF1969,2
REEF1970,2
REEF1971,2
REEF1972,2
REEF1973,2
REEF1974,2
REEF1975,2
REEF1976,2
REEF1977,2
REEF1978,2
REEF1979,2
REEF1980,2
REEF1981,2
REEF1982,2
REEF1983,2
REEF1984,2
REEF1985,2
REEF1986,2
REEF1987,2
REEF1988,2
REEF1989,2
REEF1990,2
REEF1991,2
REEF1992,2
REEF1993,2
REEF1994,2
REEF1995,2
REEF1996,2
REEF1997,2
REEF1998,2
REEF1999,2
REEF2000,2
REEF2001,2
REEF2002,2
REEF2003,2
REEF2004,2
REEF2005,2
REEF2006,2
REEF2007,2
REEF2008,2
REEF2009,2
REEF2010,2
REEF2011,2
REEF2012,2
REEF2013,2
REEF2014,2
REEF2015,2
REEF2016,2
REEF2017,2
REEF2018,2
REEF2019,2
REEF2020,2
REEF2021,2
REEF2022,2
REEF2023,2
REEF2024,2
REEF2025,2
REEF2026,2
REEF2027,2
REEF2028,2
REEF2029,2
REEF2030,2
REEF2031,2
REEF2032,2
REEF2033,2
REEF2034,2
REEF2035,2
REEF2036,2
REEF2037,2
REEF2038,2
REEF2039,2
REEF2040,2
REEF2041,2
REEF2042,2
REEF2043,2
REEF2044,2
REEF2045,2
REEF2046,2
REEF2047,2
REEF2048,2
REEF2049,2
REEF2050,2
REEF2051,2
REEF2052,2
REEF2053,2
REEF2054,2
REEF2055,2
REEF2056,2
REEF2057,2
REEF2058,2
REEF2059,2
REEF2060,2
REEF2061,2
REEF2062,2
REEF2063,2
REEF2064,2
REEF2065,2
REEF2066,2
REEF2067,2
REEF2068,2
REEF2069,2
REEF2070,2
REEF2071,2
REEF2072,2
REEF2073,2
REEF2074,2
REEF2075,2
REEF2076,2
REEF2077,2
REEF2078,2
REEF2079,2
REEF2080,2
REEF2081,2
REEF2082,2
REEF2083,2
REEF2084,2
REEF2085,2
REEF2086,2
REEF2087,2
REEF2088,2
REEF2089,2
REEF2090,2
REEF2091,2
REEF2092,2
REEF2093,2
REEF2094,2
REEF2095,2
REEF2096,2
REEF2097,2
REEF2098,2
REEF2099,2
REEF2100,2
REEF2101,2
REEF2102,2
REEF2103,2
REEF2104,2
REEF2105,2
REEF2106,2
REEF2107,2
REEF2108,2
REEF2109,2
REEF2110,2
REEF2111,2
REEF2112,2
REEF2113,2
REEF2114,2
REEF2115,2
REEF2116,2
REEF2117,2
REEF2118,2
REEF2119,2
REEF2120,2
REEF2121,2
REEF2122,2
REEF2123,2
REEF2124,2
REEF2125,2
REEF2126,2
REEF2127,2
REEF2128,2
REEF2129,2
REEF2130,2
REEF2131,2
REEF2132,2
REEF2133,2
REEF2134,2
REEF2135,2
REEF2136,2
REEF2137,2
REEF2138,2
REEF2139,2
REEF2140,2
REEF2141,2
REEF2142,2
REEF2143,2
REEF2144,2
REEF2145,2
REEF2146,2
REEF2147,2
REEF2148,2
REEF2149,2
REEF2150,2
REEF2151,2
REEF2152,2
REEF2153,2
REEF2154,2
REEF2155,2
REEF2156,2
REEF2157,2
REEF2158,2
REEF2159,2
REEF2160,2
